"node","size","summary","cc"
"1",77,"HighCC",0.597329280208446
"5",18,"HighCC",0.671052631578947
"6",7,"HighCC",0.428571428571429
"8",5,"HighCC",0.875
