"baseMean","log2FoldChange","lfcSE","pvalue","padj","gene_id","gene_name","MLE_log2FC"
413.372040514293,-2.23949563552165,0.47288754863432,8.39251092417982e-08,0.000116369157722857,"ENSG00000160862","AZGP1",-2.42600575531087
15.3112034853576,8.86407234652354,3.10990825738854,5.76169774070941e-07,0.000737452990058953,"ENSG00000198178","CLEC4C",7.68272683517266
