"gene","module","kWithin"
"GENE_038","ME_blue",35.3938828902596
"GENE_026","ME_blue",34.508693055814
"GENE_009","ME_blue",32.5335971512927
"GENE_183","ME_brown",1.03878104014687
"GENE_163","ME_brown",1.03089120290512
"GENE_166","ME_grey",1.04010312223735
"GENE_184","ME_grey",1.0332143837258
"GENE_199","ME_grey",1.01637541775253
"GENE_063","ME_turquoise",40.8208900025079
"GENE_067","ME_turquoise",39.8732490980783
"GENE_068","ME_turquoise",39.7964438483347
